{
  "dataset_revision": "5003b3064772da1887988e05400cf3806fe491f2",
  "task_name": "CQADupstackGisRetrieval",
  "mteb_version": "1.21.7",
  "scores": {
    "test": [
      {
        "ndcg_at_1": 0.31525,
        "ndcg_at_3": 0.40165,
        "ndcg_at_5": 0.43321,
        "ndcg_at_10": 0.46778,
        "ndcg_at_20": 0.49025,
        "ndcg_at_100": 0.51462,
        "ndcg_at_1000": 0.52935,
        "map_at_1": 0.29045,
        "map_at_3": 0.36976,
        "map_at_5": 0.38853,
        "map_at_10": 0.40388,
        "map_at_20": 0.41082,
        "map_at_100": 0.41486,
        "map_at_1000": 0.41551,
        "recall_at_1": 0.29045,
        "recall_at_3": 0.46601,
        "recall_at_5": 0.54062,
        "recall_at_10": 0.64291,
        "recall_at_20": 0.72531,
        "recall_at_100": 0.84578,
        "recall_at_1000": 0.95358,
        "precision_at_1": 0.31525,
        "precision_at_3": 0.17213,
        "precision_at_5": 0.12203,
        "precision_at_10": 0.07412,
        "precision_at_20": 0.04266,
        "precision_at_100": 0.01019,
        "precision_at_1000": 0.00118,
        "mrr_at_1": 0.315254,
        "mrr_at_3": 0.395292,
        "mrr_at_5": 0.413089,
        "mrr_at_10": 0.426025,
        "mrr_at_20": 0.431771,
        "mrr_at_100": 0.434611,
        "mrr_at_1000": 0.435085,
        "nauc_ndcg_at_1_max": 0.226602,
        "nauc_ndcg_at_1_std": -0.095981,
        "nauc_ndcg_at_1_diff1": 0.453169,
        "nauc_ndcg_at_3_max": 0.197847,
        "nauc_ndcg_at_3_std": -0.087083,
        "nauc_ndcg_at_3_diff1": 0.404401,
        "nauc_ndcg_at_5_max": 0.204577,
        "nauc_ndcg_at_5_std": -0.086845,
        "nauc_ndcg_at_5_diff1": 0.387015,
        "nauc_ndcg_at_10_max": 0.210795,
        "nauc_ndcg_at_10_std": -0.065691,
        "nauc_ndcg_at_10_diff1": 0.379667,
        "nauc_ndcg_at_20_max": 0.214852,
        "nauc_ndcg_at_20_std": -0.059048,
        "nauc_ndcg_at_20_diff1": 0.380953,
        "nauc_ndcg_at_100_max": 0.225439,
        "nauc_ndcg_at_100_std": -0.051345,
        "nauc_ndcg_at_100_diff1": 0.387969,
        "nauc_ndcg_at_1000_max": 0.223039,
        "nauc_ndcg_at_1000_std": -0.059468,
        "nauc_ndcg_at_1000_diff1": 0.390377,
        "nauc_map_at_1_max": 0.187633,
        "nauc_map_at_1_std": -0.10276,
        "nauc_map_at_1_diff1": 0.46593,
        "nauc_map_at_3_max": 0.190896,
        "nauc_map_at_3_std": -0.09214,
        "nauc_map_at_3_diff1": 0.4198,
        "nauc_map_at_5_max": 0.197273,
        "nauc_map_at_5_std": -0.092142,
        "nauc_map_at_5_diff1": 0.41073,
        "nauc_map_at_10_max": 0.20039,
        "nauc_map_at_10_std": -0.083819,
        "nauc_map_at_10_diff1": 0.407757,
        "nauc_map_at_20_max": 0.202276,
        "nauc_map_at_20_std": -0.082044,
        "nauc_map_at_20_diff1": 0.408699,
        "nauc_map_at_100_max": 0.203876,
        "nauc_map_at_100_std": -0.081094,
        "nauc_map_at_100_diff1": 0.409925,
        "nauc_map_at_1000_max": 0.203973,
        "nauc_map_at_1000_std": -0.081295,
        "nauc_map_at_1000_diff1": 0.409963,
        "nauc_recall_at_1_max": 0.187633,
        "nauc_recall_at_1_std": -0.10276,
        "nauc_recall_at_1_diff1": 0.46593,
        "nauc_recall_at_3_max": 0.178827,
        "nauc_recall_at_3_std": -0.072757,
        "nauc_recall_at_3_diff1": 0.35817,
        "nauc_recall_at_5_max": 0.188334,
        "nauc_recall_at_5_std": -0.072427,
        "nauc_recall_at_5_diff1": 0.310566,
        "nauc_recall_at_10_max": 0.201305,
        "nauc_recall_at_10_std": -0.00271,
        "nauc_recall_at_10_diff1": 0.274127,
        "nauc_recall_at_20_max": 0.21438,
        "nauc_recall_at_20_std": 0.038486,
        "nauc_recall_at_20_diff1": 0.259831,
        "nauc_recall_at_100_max": 0.316209,
        "nauc_recall_at_100_std": 0.174577,
        "nauc_recall_at_100_diff1": 0.265463,
        "nauc_recall_at_1000_max": 0.351108,
        "nauc_recall_at_1000_std": 0.258201,
        "nauc_recall_at_1000_diff1": 0.152005,
        "nauc_precision_at_1_max": 0.226602,
        "nauc_precision_at_1_std": -0.095981,
        "nauc_precision_at_1_diff1": 0.453169,
        "nauc_precision_at_3_max": 0.22344,
        "nauc_precision_at_3_std": -0.070357,
        "nauc_precision_at_3_diff1": 0.332981,
        "nauc_precision_at_5_max": 0.248904,
        "nauc_precision_at_5_std": -0.057215,
        "nauc_precision_at_5_diff1": 0.271231,
        "nauc_precision_at_10_max": 0.253317,
        "nauc_precision_at_10_std": 0.027272,
        "nauc_precision_at_10_diff1": 0.193335,
        "nauc_precision_at_20_max": 0.245711,
        "nauc_precision_at_20_std": 0.065833,
        "nauc_precision_at_20_diff1": 0.137149,
        "nauc_precision_at_100_max": 0.240549,
        "nauc_precision_at_100_std": 0.127275,
        "nauc_precision_at_100_diff1": 0.052654,
        "nauc_precision_at_1000_max": 0.17191,
        "nauc_precision_at_1000_std": 0.091143,
        "nauc_precision_at_1000_diff1": -0.055666,
        "nauc_mrr_at_1_max": 0.226602,
        "nauc_mrr_at_1_std": -0.095981,
        "nauc_mrr_at_1_diff1": 0.453169,
        "nauc_mrr_at_3_max": 0.225354,
        "nauc_mrr_at_3_std": -0.086094,
        "nauc_mrr_at_3_diff1": 0.409828,
        "nauc_mrr_at_5_max": 0.228287,
        "nauc_mrr_at_5_std": -0.086655,
        "nauc_mrr_at_5_diff1": 0.400766,
        "nauc_mrr_at_10_max": 0.230356,
        "nauc_mrr_at_10_std": -0.07864,
        "nauc_mrr_at_10_diff1": 0.398871,
        "nauc_mrr_at_20_max": 0.230969,
        "nauc_mrr_at_20_std": -0.076975,
        "nauc_mrr_at_20_diff1": 0.399707,
        "nauc_mrr_at_100_max": 0.231912,
        "nauc_mrr_at_100_std": -0.076803,
        "nauc_mrr_at_100_diff1": 0.400729,
        "nauc_mrr_at_1000_max": 0.231807,
        "nauc_mrr_at_1000_std": -0.07707,
        "nauc_mrr_at_1000_diff1": 0.400782,
        "main_score": 0.46778,
        "hf_subset": "default",
        "languages": [
          "eng-Latn"
        ]
      }
    ]
  },
  "evaluation_time": null,
  "kg_co2_emissions": null
}