{
  "dataset_revision": "46989137a86843e03a6195de44b09deda022eec7",
  "task_name": "CQADupstackTexRetrieval",
  "mteb_version": "1.21.7",
  "scores": {
    "test": [
      {
        "ndcg_at_1": 0.26807,
        "ndcg_at_3": 0.32134,
        "ndcg_at_5": 0.3437,
        "ndcg_at_10": 0.37219,
        "ndcg_at_20": 0.39412,
        "ndcg_at_100": 0.42775,
        "ndcg_at_1000": 0.45174,
        "map_at_1": 0.2189,
        "map_at_3": 0.28498,
        "map_at_5": 0.30077,
        "map_at_10": 0.31455,
        "map_at_20": 0.32173,
        "map_at_100": 0.32738,
        "map_at_1000": 0.3286,
        "recall_at_1": 0.2189,
        "recall_at_3": 0.35674,
        "recall_at_5": 0.41582,
        "recall_at_10": 0.49988,
        "recall_at_20": 0.58012,
        "recall_at_100": 0.74357,
        "recall_at_1000": 0.91003,
        "precision_at_1": 0.26807,
        "precision_at_3": 0.15359,
        "precision_at_5": 0.11067,
        "precision_at_10": 0.06913,
        "precision_at_20": 0.0414,
        "precision_at_100": 0.01137,
        "precision_at_1000": 0.00152,
        "mrr_at_1": 0.268066,
        "mrr_at_3": 0.33276,
        "mrr_at_5": 0.346851,
        "mrr_at_10": 0.358652,
        "mrr_at_20": 0.363975,
        "mrr_at_100": 0.367734,
        "mrr_at_1000": 0.368373,
        "nauc_ndcg_at_1_max": 0.222824,
        "nauc_ndcg_at_1_std": -0.011636,
        "nauc_ndcg_at_1_diff1": 0.440723,
        "nauc_ndcg_at_3_max": 0.235119,
        "nauc_ndcg_at_3_std": 0.002747,
        "nauc_ndcg_at_3_diff1": 0.377517,
        "nauc_ndcg_at_5_max": 0.234942,
        "nauc_ndcg_at_5_std": 0.005172,
        "nauc_ndcg_at_5_diff1": 0.358088,
        "nauc_ndcg_at_10_max": 0.239137,
        "nauc_ndcg_at_10_std": 0.012572,
        "nauc_ndcg_at_10_diff1": 0.353517,
        "nauc_ndcg_at_20_max": 0.241473,
        "nauc_ndcg_at_20_std": 0.017858,
        "nauc_ndcg_at_20_diff1": 0.34904,
        "nauc_ndcg_at_100_max": 0.24677,
        "nauc_ndcg_at_100_std": 0.033762,
        "nauc_ndcg_at_100_diff1": 0.354764,
        "nauc_ndcg_at_1000_max": 0.249518,
        "nauc_ndcg_at_1000_std": 0.033005,
        "nauc_ndcg_at_1000_diff1": 0.359856,
        "nauc_map_at_1_max": 0.185395,
        "nauc_map_at_1_std": -0.018748,
        "nauc_map_at_1_diff1": 0.432271,
        "nauc_map_at_3_max": 0.219563,
        "nauc_map_at_3_std": -0.003228,
        "nauc_map_at_3_diff1": 0.390086,
        "nauc_map_at_5_max": 0.222144,
        "nauc_map_at_5_std": -0.001749,
        "nauc_map_at_5_diff1": 0.377466,
        "nauc_map_at_10_max": 0.22621,
        "nauc_map_at_10_std": 0.001175,
        "nauc_map_at_10_diff1": 0.375604,
        "nauc_map_at_20_max": 0.22744,
        "nauc_map_at_20_std": 0.003284,
        "nauc_map_at_20_diff1": 0.374046,
        "nauc_map_at_100_max": 0.229403,
        "nauc_map_at_100_std": 0.00594,
        "nauc_map_at_100_diff1": 0.3752,
        "nauc_map_at_1000_max": 0.22983,
        "nauc_map_at_1000_std": 0.006118,
        "nauc_map_at_1000_diff1": 0.375586,
        "nauc_recall_at_1_max": 0.185395,
        "nauc_recall_at_1_std": -0.018748,
        "nauc_recall_at_1_diff1": 0.432271,
        "nauc_recall_at_3_max": 0.227927,
        "nauc_recall_at_3_std": 0.010538,
        "nauc_recall_at_3_diff1": 0.332051,
        "nauc_recall_at_5_max": 0.227185,
        "nauc_recall_at_5_std": 0.013141,
        "nauc_recall_at_5_diff1": 0.283211,
        "nauc_recall_at_10_max": 0.233274,
        "nauc_recall_at_10_std": 0.03377,
        "nauc_recall_at_10_diff1": 0.260137,
        "nauc_recall_at_20_max": 0.238623,
        "nauc_recall_at_20_std": 0.055042,
        "nauc_recall_at_20_diff1": 0.235772,
        "nauc_recall_at_100_max": 0.265351,
        "nauc_recall_at_100_std": 0.170111,
        "nauc_recall_at_100_diff1": 0.231504,
        "nauc_recall_at_1000_max": 0.357909,
        "nauc_recall_at_1000_std": 0.334656,
        "nauc_recall_at_1000_diff1": 0.198029,
        "nauc_precision_at_1_max": 0.222824,
        "nauc_precision_at_1_std": -0.011636,
        "nauc_precision_at_1_diff1": 0.440723,
        "nauc_precision_at_3_max": 0.277981,
        "nauc_precision_at_3_std": 0.02538,
        "nauc_precision_at_3_diff1": 0.309728,
        "nauc_precision_at_5_max": 0.265049,
        "nauc_precision_at_5_std": 0.027146,
        "nauc_precision_at_5_diff1": 0.241766,
        "nauc_precision_at_10_max": 0.261688,
        "nauc_precision_at_10_std": 0.045483,
        "nauc_precision_at_10_diff1": 0.197263,
        "nauc_precision_at_20_max": 0.242909,
        "nauc_precision_at_20_std": 0.059854,
        "nauc_precision_at_20_diff1": 0.143947,
        "nauc_precision_at_100_max": 0.209457,
        "nauc_precision_at_100_std": 0.097171,
        "nauc_precision_at_100_diff1": 0.101707,
        "nauc_precision_at_1000_max": 0.179958,
        "nauc_precision_at_1000_std": 0.063524,
        "nauc_precision_at_1000_diff1": 0.066711,
        "nauc_mrr_at_1_max": 0.222824,
        "nauc_mrr_at_1_std": -0.011636,
        "nauc_mrr_at_1_diff1": 0.440723,
        "nauc_mrr_at_3_max": 0.244906,
        "nauc_mrr_at_3_std": 0.005277,
        "nauc_mrr_at_3_diff1": 0.393446,
        "nauc_mrr_at_5_max": 0.243708,
        "nauc_mrr_at_5_std": 0.005988,
        "nauc_mrr_at_5_diff1": 0.385081,
        "nauc_mrr_at_10_max": 0.245065,
        "nauc_mrr_at_10_std": 0.00965,
        "nauc_mrr_at_10_diff1": 0.384531,
        "nauc_mrr_at_20_max": 0.245771,
        "nauc_mrr_at_20_std": 0.009928,
        "nauc_mrr_at_20_diff1": 0.383527,
        "nauc_mrr_at_100_max": 0.24594,
        "nauc_mrr_at_100_std": 0.011214,
        "nauc_mrr_at_100_diff1": 0.384554,
        "nauc_mrr_at_1000_max": 0.245991,
        "nauc_mrr_at_1000_std": 0.011217,
        "nauc_mrr_at_1000_diff1": 0.384672,
        "main_score": 0.37219,
        "hf_subset": "default",
        "languages": [
          "eng-Latn"
        ]
      }
    ]
  },
  "evaluation_time": null,
  "kg_co2_emissions": null
}