{
  "dataset_revision": "6c6430d3a6d36f8d2a829195bc5dc94d7e063e53",
  "task_name": "CQADupstackUnixRetrieval",
  "mteb_version": "1.21.7",
  "scores": {
    "test": [
      {
        "ndcg_at_1": 0.41884,
        "ndcg_at_3": 0.47415,
        "ndcg_at_5": 0.50442,
        "ndcg_at_10": 0.53733,
        "ndcg_at_20": 0.55527,
        "ndcg_at_100": 0.58122,
        "ndcg_at_1000": 0.5954,
        "map_at_1": 0.35569,
        "map_at_3": 0.43517,
        "map_at_5": 0.45673,
        "map_at_10": 0.47373,
        "map_at_20": 0.47997,
        "map_at_100": 0.4845,
        "map_at_1000": 0.48524,
        "recall_at_1": 0.35569,
        "recall_at_3": 0.51436,
        "recall_at_5": 0.59229,
        "recall_at_10": 0.68675,
        "recall_at_20": 0.74935,
        "recall_at_100": 0.87121,
        "recall_at_1000": 0.96389,
        "precision_at_1": 0.41884,
        "precision_at_3": 0.21735,
        "precision_at_5": 0.15354,
        "precision_at_10": 0.09207,
        "precision_at_20": 0.05159,
        "precision_at_100": 0.01251,
        "precision_at_1000": 0.00147,
        "mrr_at_1": 0.418843,
        "mrr_at_3": 0.488029,
        "mrr_at_5": 0.505053,
        "mrr_at_10": 0.516938,
        "mrr_at_20": 0.520562,
        "mrr_at_100": 0.523425,
        "mrr_at_1000": 0.523775,
        "nauc_ndcg_at_1_max": 0.391822,
        "nauc_ndcg_at_1_std": -0.106489,
        "nauc_ndcg_at_1_diff1": 0.536623,
        "nauc_ndcg_at_3_max": 0.394505,
        "nauc_ndcg_at_3_std": -0.106853,
        "nauc_ndcg_at_3_diff1": 0.485749,
        "nauc_ndcg_at_5_max": 0.387618,
        "nauc_ndcg_at_5_std": -0.109728,
        "nauc_ndcg_at_5_diff1": 0.47846,
        "nauc_ndcg_at_10_max": 0.389284,
        "nauc_ndcg_at_10_std": -0.106664,
        "nauc_ndcg_at_10_diff1": 0.469536,
        "nauc_ndcg_at_20_max": 0.397604,
        "nauc_ndcg_at_20_std": -0.095981,
        "nauc_ndcg_at_20_diff1": 0.476581,
        "nauc_ndcg_at_100_max": 0.401241,
        "nauc_ndcg_at_100_std": -0.087613,
        "nauc_ndcg_at_100_diff1": 0.478645,
        "nauc_ndcg_at_1000_max": 0.398779,
        "nauc_ndcg_at_1000_std": -0.090252,
        "nauc_ndcg_at_1000_diff1": 0.480716,
        "nauc_map_at_1_max": 0.337108,
        "nauc_map_at_1_std": -0.110197,
        "nauc_map_at_1_diff1": 0.516481,
        "nauc_map_at_3_max": 0.374784,
        "nauc_map_at_3_std": -0.112809,
        "nauc_map_at_3_diff1": 0.49408,
        "nauc_map_at_5_max": 0.376673,
        "nauc_map_at_5_std": -0.112829,
        "nauc_map_at_5_diff1": 0.4889,
        "nauc_map_at_10_max": 0.379209,
        "nauc_map_at_10_std": -0.112194,
        "nauc_map_at_10_diff1": 0.482784,
        "nauc_map_at_20_max": 0.382975,
        "nauc_map_at_20_std": -0.108997,
        "nauc_map_at_20_diff1": 0.48547,
        "nauc_map_at_100_max": 0.383528,
        "nauc_map_at_100_std": -0.107712,
        "nauc_map_at_100_diff1": 0.485685,
        "nauc_map_at_1000_max": 0.383309,
        "nauc_map_at_1000_std": -0.107669,
        "nauc_map_at_1000_diff1": 0.485663,
        "nauc_recall_at_1_max": 0.337108,
        "nauc_recall_at_1_std": -0.110197,
        "nauc_recall_at_1_diff1": 0.516481,
        "nauc_recall_at_3_max": 0.378568,
        "nauc_recall_at_3_std": -0.10046,
        "nauc_recall_at_3_diff1": 0.449732,
        "nauc_recall_at_5_max": 0.365963,
        "nauc_recall_at_5_std": -0.10656,
        "nauc_recall_at_5_diff1": 0.418226,
        "nauc_recall_at_10_max": 0.369053,
        "nauc_recall_at_10_std": -0.095656,
        "nauc_recall_at_10_diff1": 0.378973,
        "nauc_recall_at_20_max": 0.40465,
        "nauc_recall_at_20_std": -0.04291,
        "nauc_recall_at_20_diff1": 0.402965,
        "nauc_recall_at_100_max": 0.472955,
        "nauc_recall_at_100_std": 0.069319,
        "nauc_recall_at_100_diff1": 0.396846,
        "nauc_recall_at_1000_max": 0.646766,
        "nauc_recall_at_1000_std": 0.326084,
        "nauc_recall_at_1000_diff1": 0.412191,
        "nauc_precision_at_1_max": 0.391822,
        "nauc_precision_at_1_std": -0.106489,
        "nauc_precision_at_1_diff1": 0.536623,
        "nauc_precision_at_3_max": 0.37938,
        "nauc_precision_at_3_std": -0.071814,
        "nauc_precision_at_3_diff1": 0.335813,
        "nauc_precision_at_5_max": 0.335192,
        "nauc_precision_at_5_std": -0.055998,
        "nauc_precision_at_5_diff1": 0.244701,
        "nauc_precision_at_10_max": 0.277766,
        "nauc_precision_at_10_std": -0.040169,
        "nauc_precision_at_10_diff1": 0.130194,
        "nauc_precision_at_20_max": 0.250362,
        "nauc_precision_at_20_std": 0.001629,
        "nauc_precision_at_20_diff1": 0.09332,
        "nauc_precision_at_100_max": 0.141849,
        "nauc_precision_at_100_std": 0.065348,
        "nauc_precision_at_100_diff1": -0.031784,
        "nauc_precision_at_1000_max": 0.003891,
        "nauc_precision_at_1000_std": 0.048176,
        "nauc_precision_at_1000_diff1": -0.131996,
        "nauc_mrr_at_1_max": 0.391822,
        "nauc_mrr_at_1_std": -0.106489,
        "nauc_mrr_at_1_diff1": 0.536623,
        "nauc_mrr_at_3_max": 0.405435,
        "nauc_mrr_at_3_std": -0.099119,
        "nauc_mrr_at_3_diff1": 0.505792,
        "nauc_mrr_at_5_max": 0.405036,
        "nauc_mrr_at_5_std": -0.100048,
        "nauc_mrr_at_5_diff1": 0.501912,
        "nauc_mrr_at_10_max": 0.40367,
        "nauc_mrr_at_10_std": -0.100094,
        "nauc_mrr_at_10_diff1": 0.499145,
        "nauc_mrr_at_20_max": 0.40487,
        "nauc_mrr_at_20_std": -0.098134,
        "nauc_mrr_at_20_diff1": 0.500689,
        "nauc_mrr_at_100_max": 0.404627,
        "nauc_mrr_at_100_std": -0.097388,
        "nauc_mrr_at_100_diff1": 0.500943,
        "nauc_mrr_at_1000_max": 0.404524,
        "nauc_mrr_at_1000_std": -0.097487,
        "nauc_mrr_at_1000_diff1": 0.501065,
        "main_score": 0.53733,
        "hf_subset": "default",
        "languages": [
          "eng-Latn"
        ]
      }
    ]
  },
  "evaluation_time": null,
  "kg_co2_emissions": null
}