{
  "dataset_revision": "160c094312a0e1facb97e55eeddb698c0abe3571",
  "task_name": "CQADupstackWebmastersRetrieval",
  "mteb_version": "1.21.7",
  "scores": {
    "test": [
      {
        "ndcg_at_1": 0.37945,
        "ndcg_at_3": 0.44157,
        "ndcg_at_5": 0.4688,
        "ndcg_at_10": 0.50208,
        "ndcg_at_20": 0.52536,
        "ndcg_at_100": 0.55712,
        "ndcg_at_1000": 0.57341,
        "map_at_1": 0.31174,
        "map_at_3": 0.39391,
        "map_at_5": 0.41333,
        "map_at_10": 0.43246,
        "map_at_20": 0.4421,
        "map_at_100": 0.45013,
        "map_at_1000": 0.45221,
        "recall_at_1": 0.31174,
        "recall_at_3": 0.47085,
        "recall_at_5": 0.54237,
        "recall_at_10": 0.63611,
        "recall_at_20": 0.72473,
        "recall_at_100": 0.87451,
        "recall_at_1000": 0.97429,
        "precision_at_1": 0.37945,
        "precision_at_3": 0.20751,
        "precision_at_5": 0.1502,
        "precision_at_10": 0.09723,
        "precision_at_20": 0.05988,
        "precision_at_100": 0.01818,
        "precision_at_1000": 0.00256,
        "mrr_at_1": 0.379447,
        "mrr_at_3": 0.453228,
        "mrr_at_5": 0.470224,
        "mrr_at_10": 0.48234,
        "mrr_at_20": 0.487403,
        "mrr_at_100": 0.4906,
        "mrr_at_1000": 0.490914,
        "nauc_ndcg_at_1_max": 0.26172,
        "nauc_ndcg_at_1_std": -0.0907,
        "nauc_ndcg_at_1_diff1": 0.466649,
        "nauc_ndcg_at_3_max": 0.239966,
        "nauc_ndcg_at_3_std": -0.110207,
        "nauc_ndcg_at_3_diff1": 0.43539,
        "nauc_ndcg_at_5_max": 0.249051,
        "nauc_ndcg_at_5_std": -0.099938,
        "nauc_ndcg_at_5_diff1": 0.445711,
        "nauc_ndcg_at_10_max": 0.27603,
        "nauc_ndcg_at_10_std": -0.083396,
        "nauc_ndcg_at_10_diff1": 0.45121,
        "nauc_ndcg_at_20_max": 0.271764,
        "nauc_ndcg_at_20_std": -0.072954,
        "nauc_ndcg_at_20_diff1": 0.43925,
        "nauc_ndcg_at_100_max": 0.280352,
        "nauc_ndcg_at_100_std": -0.066677,
        "nauc_ndcg_at_100_diff1": 0.436903,
        "nauc_ndcg_at_1000_max": 0.271044,
        "nauc_ndcg_at_1000_std": -0.069685,
        "nauc_ndcg_at_1000_diff1": 0.43952,
        "nauc_map_at_1_max": 0.205331,
        "nauc_map_at_1_std": -0.123586,
        "nauc_map_at_1_diff1": 0.484715,
        "nauc_map_at_3_max": 0.214883,
        "nauc_map_at_3_std": -0.126776,
        "nauc_map_at_3_diff1": 0.442352,
        "nauc_map_at_5_max": 0.223393,
        "nauc_map_at_5_std": -0.116253,
        "nauc_map_at_5_diff1": 0.444847,
        "nauc_map_at_10_max": 0.243714,
        "nauc_map_at_10_std": -0.105509,
        "nauc_map_at_10_diff1": 0.453059,
        "nauc_map_at_20_max": 0.244314,
        "nauc_map_at_20_std": -0.100128,
        "nauc_map_at_20_diff1": 0.451512,
        "nauc_map_at_100_max": 0.246729,
        "nauc_map_at_100_std": -0.096375,
        "nauc_map_at_100_diff1": 0.4531,
        "nauc_map_at_1000_max": 0.244325,
        "nauc_map_at_1000_std": -0.095451,
        "nauc_map_at_1000_diff1": 0.453162,
        "nauc_recall_at_1_max": 0.205331,
        "nauc_recall_at_1_std": -0.123586,
        "nauc_recall_at_1_diff1": 0.484715,
        "nauc_recall_at_3_max": 0.198608,
        "nauc_recall_at_3_std": -0.126162,
        "nauc_recall_at_3_diff1": 0.392167,
        "nauc_recall_at_5_max": 0.221317,
        "nauc_recall_at_5_std": -0.097281,
        "nauc_recall_at_5_diff1": 0.393079,
        "nauc_recall_at_10_max": 0.320438,
        "nauc_recall_at_10_std": -0.036335,
        "nauc_recall_at_10_diff1": 0.392567,
        "nauc_recall_at_20_max": 0.320439,
        "nauc_recall_at_20_std": 0.027743,
        "nauc_recall_at_20_diff1": 0.326522,
        "nauc_recall_at_100_max": 0.471356,
        "nauc_recall_at_100_std": 0.125817,
        "nauc_recall_at_100_diff1": 0.259137,
        "nauc_recall_at_1000_max": 0.59098,
        "nauc_recall_at_1000_std": 0.474747,
        "nauc_recall_at_1000_diff1": -0.016068,
        "nauc_precision_at_1_max": 0.26172,
        "nauc_precision_at_1_std": -0.0907,
        "nauc_precision_at_1_diff1": 0.466649,
        "nauc_precision_at_3_max": 0.247472,
        "nauc_precision_at_3_std": -0.056165,
        "nauc_precision_at_3_diff1": 0.295543,
        "nauc_precision_at_5_max": 0.26334,
        "nauc_precision_at_5_std": 0.008363,
        "nauc_precision_at_5_diff1": 0.267329,
        "nauc_precision_at_10_max": 0.268371,
        "nauc_precision_at_10_std": 0.087927,
        "nauc_precision_at_10_diff1": 0.208763,
        "nauc_precision_at_20_max": 0.182322,
        "nauc_precision_at_20_std": 0.117526,
        "nauc_precision_at_20_diff1": 0.117568,
        "nauc_precision_at_100_max": 0.021069,
        "nauc_precision_at_100_std": 0.142173,
        "nauc_precision_at_100_diff1": 0.009792,
        "nauc_precision_at_1000_max": -0.122237,
        "nauc_precision_at_1000_std": 0.099255,
        "nauc_precision_at_1000_diff1": -0.058681,
        "nauc_mrr_at_1_max": 0.26172,
        "nauc_mrr_at_1_std": -0.0907,
        "nauc_mrr_at_1_diff1": 0.466649,
        "nauc_mrr_at_3_max": 0.256298,
        "nauc_mrr_at_3_std": -0.102388,
        "nauc_mrr_at_3_diff1": 0.443308,
        "nauc_mrr_at_5_max": 0.267314,
        "nauc_mrr_at_5_std": -0.09589,
        "nauc_mrr_at_5_diff1": 0.450557,
        "nauc_mrr_at_10_max": 0.274486,
        "nauc_mrr_at_10_std": -0.088187,
        "nauc_mrr_at_10_diff1": 0.446457,
        "nauc_mrr_at_20_max": 0.272701,
        "nauc_mrr_at_20_std": -0.086464,
        "nauc_mrr_at_20_diff1": 0.444286,
        "nauc_mrr_at_100_max": 0.272844,
        "nauc_mrr_at_100_std": -0.086643,
        "nauc_mrr_at_100_diff1": 0.444562,
        "nauc_mrr_at_1000_max": 0.2727,
        "nauc_mrr_at_1000_std": -0.086626,
        "nauc_mrr_at_1000_diff1": 0.444659,
        "main_score": 0.50208,
        "hf_subset": "default",
        "languages": [
          "eng-Latn"
        ]
      }
    ]
  },
  "evaluation_time": null,
  "kg_co2_emissions": null
}