{
  "dataset_revision": "CQADupstackRetrieval_is_a_combined_dataset",
  "task_name": "CQADupstackRetrieval",
  "mteb_version": "1.21.7",
  "scores": {
    "test": [
      {
        "ndcg_at_1": 0.3873783333333333,
        "ndcg_at_3": 0.4522341666666667,
        "ndcg_at_5": 0.4812933333333333,
        "ndcg_at_10": 0.5103358333333333,
        "ndcg_at_20": 0.5308391666666668,
        "ndcg_at_100": 0.5586466666666667,
        "ndcg_at_1000": 0.5735433333333334,
        "map_at_1": 0.32496083333333337,
        "map_at_3": 0.40965333333333326,
        "map_at_5": 0.4309758333333334,
        "map_at_10": 0.4466583333333332,
        "map_at_20": 0.45415,
        "map_at_100": 0.45964166666666667,
        "map_at_1000": 0.4605625,
        "recall_at_1": 0.32496083333333337,
        "recall_at_3": 0.4922575,
        "recall_at_5": 0.5667891666666667,
        "recall_at_10": 0.6522324999999999,
        "recall_at_20": 0.7258491666666665,
        "recall_at_100": 0.8571275000000002,
        "recall_at_1000": 0.9563341666666666,
        "precision_at_1": 0.3873783333333333,
        "precision_at_3": 0.211,
        "precision_at_5": 0.1509066666666667,
        "precision_at_10": 0.09073083333333336,
        "precision_at_20": 0.05264166666666667,
        "precision_at_100": 0.0135275,
        "precision_at_1000": 0.0016508333333333334,
        "mrr_at_1": 0.3873788333333333,
        "mrr_at_3": 0.46282825,
        "mrr_at_5": 0.47960766666666665,
        "mrr_at_10": 0.4903544166666666,
        "mrr_at_20": 0.4948909166666666,
        "mrr_at_100": 0.49780899999999995,
        "mrr_at_1000": 0.4981765,
        "nauc_ndcg_at_1_max": 0.29178133333333334,
        "nauc_ndcg_at_1_std": -0.07698116666666666,
        "nauc_ndcg_at_1_diff1": 0.49940175000000003,
        "nauc_ndcg_at_3_max": 0.28817541666666663,
        "nauc_ndcg_at_3_std": -0.07753,
        "nauc_ndcg_at_3_diff1": 0.45752425,
        "nauc_ndcg_at_5_max": 0.2948733333333333,
        "nauc_ndcg_at_5_std": -0.07008058333333335,
        "nauc_ndcg_at_5_diff1": 0.4478676666666667,
        "nauc_ndcg_at_10_max": 0.30030108333333333,
        "nauc_ndcg_at_10_std": -0.06253941666666667,
        "nauc_ndcg_at_10_diff1": 0.4450382499999999,
        "nauc_ndcg_at_20_max": 0.305606,
        "nauc_ndcg_at_20_std": -0.05475916666666667,
        "nauc_ndcg_at_20_diff1": 0.4458398333333333,
        "nauc_ndcg_at_100_max": 0.31227725,
        "nauc_ndcg_at_100_std": -0.04358958333333333,
        "nauc_ndcg_at_100_diff1": 0.4472146666666667,
        "nauc_ndcg_at_1000_max": 0.30817216666666664,
        "nauc_ndcg_at_1000_std": -0.04715883333333334,
        "nauc_ndcg_at_1000_diff1": 0.45043116666666666,
        "nauc_map_at_1_max": 0.2389165,
        "nauc_map_at_1_std": -0.10277825,
        "nauc_map_at_1_diff1": 0.5015597500000001,
        "nauc_map_at_3_max": 0.2678650833333333,
        "nauc_map_at_3_std": -0.09396816666666664,
        "nauc_map_at_3_diff1": 0.4685891666666666,
        "nauc_map_at_5_max": 0.27715425,
        "nauc_map_at_5_std": -0.08626525,
        "nauc_map_at_5_diff1": 0.46240141666666673,
        "nauc_map_at_10_max": 0.2832886666666667,
        "nauc_map_at_10_std": -0.08083483333333334,
        "nauc_map_at_10_diff1": 0.4615853333333333,
        "nauc_map_at_20_max": 0.2865194166666667,
        "nauc_map_at_20_std": -0.07673183333333335,
        "nauc_map_at_20_diff1": 0.4620738333333334,
        "nauc_map_at_100_max": 0.2885936666666667,
        "nauc_map_at_100_std": -0.07370075,
        "nauc_map_at_100_diff1": 0.462409,
        "nauc_map_at_1000_max": 0.28836883333333335,
        "nauc_map_at_1000_std": -0.07354400000000001,
        "nauc_map_at_1000_diff1": 0.46252574999999996,
        "nauc_recall_at_1_max": 0.2389165,
        "nauc_recall_at_1_std": -0.10277825,
        "nauc_recall_at_1_diff1": 0.5015597500000001,
        "nauc_recall_at_3_max": 0.26641316666666665,
        "nauc_recall_at_3_std": -0.08391216666666666,
        "nauc_recall_at_3_diff1": 0.4169693333333333,
        "nauc_recall_at_5_max": 0.2820935833333333,
        "nauc_recall_at_5_std": -0.06199633333333334,
        "nauc_recall_at_5_diff1": 0.38233800000000007,
        "nauc_recall_at_10_max": 0.2983924166666667,
        "nauc_recall_at_10_std": -0.03407841666666667,
        "nauc_recall_at_10_diff1": 0.3601246666666666,
        "nauc_recall_at_20_max": 0.32477550000000005,
        "nauc_recall_at_20_std": 0.008708833333333334,
        "nauc_recall_at_20_diff1": 0.35070549999999995,
        "nauc_recall_at_100_max": 0.422259,
        "nauc_recall_at_100_std": 0.16550116666666667,
        "nauc_recall_at_100_diff1": 0.3243409166666667,
        "nauc_recall_at_1000_max": 0.48089408333333333,
        "nauc_recall_at_1000_std": 0.3825260833333333,
        "nauc_recall_at_1000_diff1": 0.27837175,
        "nauc_precision_at_1_max": 0.29178133333333334,
        "nauc_precision_at_1_std": -0.07698116666666666,
        "nauc_precision_at_1_diff1": 0.49940175000000003,
        "nauc_precision_at_3_max": 0.29100016666666667,
        "nauc_precision_at_3_std": -0.011107666666666668,
        "nauc_precision_at_3_diff1": 0.30286733333333327,
        "nauc_precision_at_5_max": 0.2853833333333333,
        "nauc_precision_at_5_std": 0.03398941666666667,
        "nauc_precision_at_5_diff1": 0.22312933333333332,
        "nauc_precision_at_10_max": 0.2613743333333333,
        "nauc_precision_at_10_std": 0.08199858333333333,
        "nauc_precision_at_10_diff1": 0.1442535,
        "nauc_precision_at_20_max": 0.23187350000000004,
        "nauc_precision_at_20_std": 0.11675741666666668,
        "nauc_precision_at_20_diff1": 0.08508975,
        "nauc_precision_at_100_max": 0.16135716666666666,
        "nauc_precision_at_100_std": 0.16294816666666664,
        "nauc_precision_at_100_diff1": -0.0158145,
        "nauc_precision_at_1000_max": 0.05449249999999998,
        "nauc_precision_at_1000_std": 0.11730124999999998,
        "nauc_precision_at_1000_diff1": -0.08758474999999999,
        "nauc_mrr_at_1_max": 0.29178133333333334,
        "nauc_mrr_at_1_std": -0.07698116666666666,
        "nauc_mrr_at_1_diff1": 0.49940175000000003,
        "nauc_mrr_at_3_max": 0.3050538333333333,
        "nauc_mrr_at_3_std": -0.06644816666666667,
        "nauc_mrr_at_3_diff1": 0.4690314166666667,
        "nauc_mrr_at_5_max": 0.3082755833333333,
        "nauc_mrr_at_5_std": -0.06189308333333334,
        "nauc_mrr_at_5_diff1": 0.4631880833333333,
        "nauc_mrr_at_10_max": 0.30880291666666665,
        "nauc_mrr_at_10_std": -0.059312833333333335,
        "nauc_mrr_at_10_diff1": 0.46216250000000003,
        "nauc_mrr_at_20_max": 0.3095136666666667,
        "nauc_mrr_at_20_std": -0.05844116666666666,
        "nauc_mrr_at_20_diff1": 0.46270566666666674,
        "nauc_mrr_at_100_max": 0.30973291666666664,
        "nauc_mrr_at_100_std": -0.057888333333333326,
        "nauc_mrr_at_100_diff1": 0.46313033333333337,
        "nauc_mrr_at_1000_max": 0.3096185833333333,
        "nauc_mrr_at_1000_std": -0.05797350000000001,
        "nauc_mrr_at_1000_diff1": 0.4632224166666666,
        "main_score": 0.5103358333333333,
        "hf_subset": "default",
        "languages": [
          "eng-Latn"
        ]
      }
    ]
  },
  "evaluation_time": null,
  "kg_co2_emissions": null
}