{
  "dataset_revision": "ab518f4d6fcca38d87c25209f94beba119d02014",
  "task_name": "HotpotQA",
  "mteb_version": "1.21.7",
  "scores": {
    "test": [
      {
        "ndcg_at_1": 0.92086,
        "ndcg_at_3": 0.84129,
        "ndcg_at_5": 0.86128,
        "ndcg_at_10": 0.87473,
        "ndcg_at_20": 0.88273,
        "ndcg_at_100": 0.89067,
        "ndcg_at_1000": 0.89467,
        "map_at_1": 0.46043,
        "map_at_3": 0.7989,
        "map_at_5": 0.81625,
        "map_at_10": 0.82485,
        "map_at_20": 0.8283,
        "map_at_100": 0.83007,
        "map_at_1000": 0.8303,
        "recall_at_1": 0.46043,
        "recall_at_3": 0.83011,
        "recall_at_5": 0.86935,
        "recall_at_10": 0.90304,
        "recall_at_20": 0.9287,
        "recall_at_100": 0.9632,
        "recall_at_1000": 0.98933,
        "precision_at_1": 0.92086,
        "precision_at_3": 0.55341,
        "precision_at_5": 0.34774,
        "precision_at_10": 0.18061,
        "precision_at_20": 0.09287,
        "precision_at_100": 0.01926,
        "precision_at_1000": 0.00198,
        "mrr_at_1": 0.920864,
        "mrr_at_3": 0.944452,
        "mrr_at_5": 0.946255,
        "mrr_at_10": 0.947333,
        "mrr_at_20": 0.947644,
        "mrr_at_100": 0.947801,
        "mrr_at_1000": 0.947809,
        "nauc_ndcg_at_1_max": 0.376408,
        "nauc_ndcg_at_1_std": -0.079706,
        "nauc_ndcg_at_1_diff1": 0.642193,
        "nauc_ndcg_at_3_max": 0.35579,
        "nauc_ndcg_at_3_std": 0.045917,
        "nauc_ndcg_at_3_diff1": -0.076203,
        "nauc_ndcg_at_5_max": 0.377564,
        "nauc_ndcg_at_5_std": 0.079123,
        "nauc_ndcg_at_5_diff1": -0.062265,
        "nauc_ndcg_at_10_max": 0.388436,
        "nauc_ndcg_at_10_std": 0.0986,
        "nauc_ndcg_at_10_diff1": -0.053234,
        "nauc_ndcg_at_20_max": 0.390612,
        "nauc_ndcg_at_20_std": 0.110778,
        "nauc_ndcg_at_20_diff1": -0.040485,
        "nauc_ndcg_at_100_max": 0.389758,
        "nauc_ndcg_at_100_std": 0.109792,
        "nauc_ndcg_at_100_diff1": -0.028199,
        "nauc_ndcg_at_1000_max": 0.383661,
        "nauc_ndcg_at_1000_std": 0.094395,
        "nauc_ndcg_at_1000_diff1": -0.021656,
        "nauc_map_at_1_max": 0.376408,
        "nauc_map_at_1_std": -0.079706,
        "nauc_map_at_1_diff1": 0.642193,
        "nauc_map_at_3_max": 0.33882,
        "nauc_map_at_3_std": 0.039527,
        "nauc_map_at_3_diff1": -0.12516,
        "nauc_map_at_5_max": 0.354521,
        "nauc_map_at_5_std": 0.062289,
        "nauc_map_at_5_diff1": -0.115097,
        "nauc_map_at_10_max": 0.35962,
        "nauc_map_at_10_std": 0.07,
        "nauc_map_at_10_diff1": -0.110337,
        "nauc_map_at_20_max": 0.359944,
        "nauc_map_at_20_std": 0.073074,
        "nauc_map_at_20_diff1": -0.106965,
        "nauc_map_at_100_max": 0.359706,
        "nauc_map_at_100_std": 0.072793,
        "nauc_map_at_100_diff1": -0.105362,
        "nauc_map_at_1000_max": 0.359476,
        "nauc_map_at_1000_std": 0.072231,
        "nauc_map_at_1000_diff1": -0.105154,
        "nauc_recall_at_1_max": 0.376408,
        "nauc_recall_at_1_std": -0.079706,
        "nauc_recall_at_1_diff1": 0.642193,
        "nauc_recall_at_3_max": 0.359731,
        "nauc_recall_at_3_std": 0.080627,
        "nauc_recall_at_3_diff1": -0.189248,
        "nauc_recall_at_5_max": 0.401848,
        "nauc_recall_at_5_std": 0.155623,
        "nauc_recall_at_5_diff1": -0.188156,
        "nauc_recall_at_10_max": 0.438976,
        "nauc_recall_at_10_std": 0.237287,
        "nauc_recall_at_10_diff1": -0.198106,
        "nauc_recall_at_20_max": 0.467029,
        "nauc_recall_at_20_std": 0.342093,
        "nauc_recall_at_20_diff1": -0.18305,
        "nauc_recall_at_100_max": 0.53404,
        "nauc_recall_at_100_std": 0.534122,
        "nauc_recall_at_100_diff1": -0.168661,
        "nauc_recall_at_1000_max": 0.568823,
        "nauc_recall_at_1000_std": 0.700182,
        "nauc_recall_at_1000_diff1": -0.170421,
        "nauc_precision_at_1_max": 0.376408,
        "nauc_precision_at_1_std": -0.079706,
        "nauc_precision_at_1_diff1": 0.642193,
        "nauc_precision_at_3_max": 0.359731,
        "nauc_precision_at_3_std": 0.080627,
        "nauc_precision_at_3_diff1": -0.189248,
        "nauc_precision_at_5_max": 0.401848,
        "nauc_precision_at_5_std": 0.155623,
        "nauc_precision_at_5_diff1": -0.188156,
        "nauc_precision_at_10_max": 0.438976,
        "nauc_precision_at_10_std": 0.237287,
        "nauc_precision_at_10_diff1": -0.198106,
        "nauc_precision_at_20_max": 0.467029,
        "nauc_precision_at_20_std": 0.342093,
        "nauc_precision_at_20_diff1": -0.18305,
        "nauc_precision_at_100_max": 0.53404,
        "nauc_precision_at_100_std": 0.534122,
        "nauc_precision_at_100_diff1": -0.168661,
        "nauc_precision_at_1000_max": 0.568823,
        "nauc_precision_at_1000_std": 0.700182,
        "nauc_precision_at_1000_diff1": -0.170421,
        "nauc_mrr_at_1_max": 0.376408,
        "nauc_mrr_at_1_std": -0.079706,
        "nauc_mrr_at_1_diff1": 0.642193,
        "nauc_mrr_at_3_max": 0.430267,
        "nauc_mrr_at_3_std": -0.039602,
        "nauc_mrr_at_3_diff1": 0.647898,
        "nauc_mrr_at_5_max": 0.425487,
        "nauc_mrr_at_5_std": -0.041829,
        "nauc_mrr_at_5_diff1": 0.648199,
        "nauc_mrr_at_10_max": 0.425037,
        "nauc_mrr_at_10_std": -0.038122,
        "nauc_mrr_at_10_diff1": 0.648444,
        "nauc_mrr_at_20_max": 0.424425,
        "nauc_mrr_at_20_std": -0.038257,
        "nauc_mrr_at_20_diff1": 0.648602,
        "nauc_mrr_at_100_max": 0.423146,
        "nauc_mrr_at_100_std": -0.039996,
        "nauc_mrr_at_100_diff1": 0.648166,
        "nauc_mrr_at_1000_max": 0.423073,
        "nauc_mrr_at_1000_std": -0.040055,
        "nauc_mrr_at_1000_diff1": 0.648136,
        "main_score": 0.87473,
        "hf_subset": "default",
        "languages": [
          "eng-Latn"
        ]
      }
    ]
  },
  "evaluation_time": null,
  "kg_co2_emissions": null
}