{
  "dataset_revision": "ec0fa4fe99da2ff19ca1214b7966684033a58814",
  "task_name": "NFCorpus",
  "mteb_version": "1.21.7",
  "scores": {
    "test": [
      {
        "ndcg_at_1": 0.50774,
        "ndcg_at_3": 0.46766,
        "ndcg_at_5": 0.44401,
        "ndcg_at_10": 0.40955,
        "ndcg_at_20": 0.38436,
        "ndcg_at_100": 0.37101,
        "ndcg_at_1000": 0.45459,
        "map_at_1": 0.06786,
        "map_at_3": 0.11305,
        "map_at_5": 0.13355,
        "map_at_10": 0.15841,
        "map_at_20": 0.17724,
        "map_at_100": 0.20146,
        "map_at_1000": 0.21664,
        "recall_at_1": 0.06786,
        "recall_at_3": 0.12848,
        "recall_at_5": 0.16059,
        "recall_at_10": 0.20699,
        "recall_at_20": 0.25349,
        "recall_at_100": 0.37377,
        "recall_at_1000": 0.68326,
        "precision_at_1": 0.52322,
        "precision_at_3": 0.43963,
        "precision_at_5": 0.387,
        "precision_at_10": 0.30402,
        "precision_at_20": 0.22415,
        "precision_at_100": 0.09074,
        "precision_at_1000": 0.02141,
        "mrr_at_1": 0.52322,
        "mrr_at_3": 0.602167,
        "mrr_at_5": 0.61161,
        "mrr_at_10": 0.616213,
        "mrr_at_20": 0.619851,
        "mrr_at_100": 0.621286,
        "mrr_at_1000": 0.621616,
        "nauc_ndcg_at_1_max": 0.47306,
        "nauc_ndcg_at_1_std": 0.153713,
        "nauc_ndcg_at_1_diff1": 0.343673,
        "nauc_ndcg_at_3_max": 0.495171,
        "nauc_ndcg_at_3_std": 0.217163,
        "nauc_ndcg_at_3_diff1": 0.243249,
        "nauc_ndcg_at_5_max": 0.501667,
        "nauc_ndcg_at_5_std": 0.254968,
        "nauc_ndcg_at_5_diff1": 0.210998,
        "nauc_ndcg_at_10_max": 0.481745,
        "nauc_ndcg_at_10_std": 0.256748,
        "nauc_ndcg_at_10_diff1": 0.192271,
        "nauc_ndcg_at_20_max": 0.464511,
        "nauc_ndcg_at_20_std": 0.263454,
        "nauc_ndcg_at_20_diff1": 0.196892,
        "nauc_ndcg_at_100_max": 0.47394,
        "nauc_ndcg_at_100_std": 0.293957,
        "nauc_ndcg_at_100_diff1": 0.22639,
        "nauc_ndcg_at_1000_max": 0.488094,
        "nauc_ndcg_at_1000_std": 0.336209,
        "nauc_ndcg_at_1000_diff1": 0.240513,
        "nauc_map_at_1_max": 0.222337,
        "nauc_map_at_1_std": -0.153141,
        "nauc_map_at_1_diff1": 0.468412,
        "nauc_map_at_3_max": 0.311176,
        "nauc_map_at_3_std": -0.068641,
        "nauc_map_at_3_diff1": 0.382225,
        "nauc_map_at_5_max": 0.341685,
        "nauc_map_at_5_std": -0.027371,
        "nauc_map_at_5_diff1": 0.338161,
        "nauc_map_at_10_max": 0.383438,
        "nauc_map_at_10_std": 0.024334,
        "nauc_map_at_10_diff1": 0.299155,
        "nauc_map_at_20_max": 0.416186,
        "nauc_map_at_20_std": 0.081891,
        "nauc_map_at_20_diff1": 0.28084,
        "nauc_map_at_100_max": 0.438986,
        "nauc_map_at_100_std": 0.149717,
        "nauc_map_at_100_diff1": 0.257392,
        "nauc_map_at_1000_max": 0.437337,
        "nauc_map_at_1000_std": 0.173602,
        "nauc_map_at_1000_diff1": 0.243521,
        "nauc_recall_at_1_max": 0.222337,
        "nauc_recall_at_1_std": -0.153141,
        "nauc_recall_at_1_diff1": 0.468412,
        "nauc_recall_at_3_max": 0.274814,
        "nauc_recall_at_3_std": -0.062251,
        "nauc_recall_at_3_diff1": 0.331891,
        "nauc_recall_at_5_max": 0.276656,
        "nauc_recall_at_5_std": -0.013779,
        "nauc_recall_at_5_diff1": 0.265088,
        "nauc_recall_at_10_max": 0.298338,
        "nauc_recall_at_10_std": 0.006765,
        "nauc_recall_at_10_diff1": 0.193518,
        "nauc_recall_at_20_max": 0.295663,
        "nauc_recall_at_20_std": 0.066493,
        "nauc_recall_at_20_diff1": 0.163787,
        "nauc_recall_at_100_max": 0.297753,
        "nauc_recall_at_100_std": 0.195727,
        "nauc_recall_at_100_diff1": 0.134263,
        "nauc_recall_at_1000_max": 0.155758,
        "nauc_recall_at_1000_std": 0.165073,
        "nauc_recall_at_1000_diff1": 0.09413,
        "nauc_precision_at_1_max": 0.476567,
        "nauc_precision_at_1_std": 0.161159,
        "nauc_precision_at_1_diff1": 0.357474,
        "nauc_precision_at_3_max": 0.459337,
        "nauc_precision_at_3_std": 0.283067,
        "nauc_precision_at_3_diff1": 0.129558,
        "nauc_precision_at_5_max": 0.453828,
        "nauc_precision_at_5_std": 0.340723,
        "nauc_precision_at_5_diff1": 0.03936,
        "nauc_precision_at_10_max": 0.402787,
        "nauc_precision_at_10_std": 0.361164,
        "nauc_precision_at_10_diff1": -0.019665,
        "nauc_precision_at_20_max": 0.338095,
        "nauc_precision_at_20_std": 0.37288,
        "nauc_precision_at_20_diff1": -0.043394,
        "nauc_precision_at_100_max": 0.198802,
        "nauc_precision_at_100_std": 0.358879,
        "nauc_precision_at_100_diff1": -0.115763,
        "nauc_precision_at_1000_max": 0.029351,
        "nauc_precision_at_1000_std": 0.175752,
        "nauc_precision_at_1000_diff1": -0.132391,
        "nauc_mrr_at_1_max": 0.476567,
        "nauc_mrr_at_1_std": 0.161159,
        "nauc_mrr_at_1_diff1": 0.357474,
        "nauc_mrr_at_3_max": 0.511154,
        "nauc_mrr_at_3_std": 0.226976,
        "nauc_mrr_at_3_diff1": 0.350163,
        "nauc_mrr_at_5_max": 0.506561,
        "nauc_mrr_at_5_std": 0.23716,
        "nauc_mrr_at_5_diff1": 0.34965,
        "nauc_mrr_at_10_max": 0.506931,
        "nauc_mrr_at_10_std": 0.240343,
        "nauc_mrr_at_10_diff1": 0.345146,
        "nauc_mrr_at_20_max": 0.507143,
        "nauc_mrr_at_20_std": 0.241366,
        "nauc_mrr_at_20_diff1": 0.34819,
        "nauc_mrr_at_100_max": 0.50765,
        "nauc_mrr_at_100_std": 0.241494,
        "nauc_mrr_at_100_diff1": 0.347759,
        "nauc_mrr_at_1000_max": 0.507421,
        "nauc_mrr_at_1000_std": 0.241103,
        "nauc_mrr_at_1000_diff1": 0.347687,
        "main_score": 0.40955,
        "hf_subset": "default",
        "languages": [
          "eng-Latn"
        ]
      }
    ]
  },
  "evaluation_time": null,
  "kg_co2_emissions": null
}