{
  "dataset_revision": "e4e08e0b7dbe3c8700f0daef558ff32256715259",
  "task_name": "QuoraRetrieval",
  "mteb_version": "1.21.7",
  "scores": {
    "test": [
      {
        "ndcg_at_1": 0.8499,
        "ndcg_at_3": 0.88719,
        "ndcg_at_5": 0.89997,
        "ndcg_at_10": 0.91019,
        "ndcg_at_20": 0.91532,
        "ndcg_at_100": 0.91924,
        "ndcg_at_1000": 0.91977,
        "map_at_1": 0.73833,
        "map_at_3": 0.85117,
        "map_at_5": 0.8685,
        "map_at_10": 0.87875,
        "map_at_20": 0.88256,
        "map_at_100": 0.88443,
        "map_at_1000": 0.88455,
        "recall_at_1": 0.73833,
        "recall_at_3": 0.89934,
        "recall_at_5": 0.93795,
        "recall_at_10": 0.96799,
        "recall_at_20": 0.98458,
        "recall_at_100": 0.99793,
        "recall_at_1000": 0.99989,
        "precision_at_1": 0.8499,
        "precision_at_3": 0.38897,
        "precision_at_5": 0.25408,
        "precision_at_10": 0.13766,
        "precision_at_20": 0.07255,
        "precision_at_100": 0.01543,
        "precision_at_1000": 0.00157,
        "mrr_at_1": 0.85,
        "mrr_at_3": 0.89485,
        "mrr_at_5": 0.900545,
        "mrr_at_10": 0.90256,
        "mrr_at_20": 0.90307,
        "mrr_at_100": 0.903212,
        "mrr_at_1000": 0.903214,
        "nauc_ndcg_at_1_max": 0.330127,
        "nauc_ndcg_at_1_std": -0.593688,
        "nauc_ndcg_at_1_diff1": 0.811188,
        "nauc_ndcg_at_3_max": 0.295258,
        "nauc_ndcg_at_3_std": -0.714482,
        "nauc_ndcg_at_3_diff1": 0.789885,
        "nauc_ndcg_at_5_max": 0.303419,
        "nauc_ndcg_at_5_std": -0.739249,
        "nauc_ndcg_at_5_diff1": 0.798099,
        "nauc_ndcg_at_10_max": 0.312628,
        "nauc_ndcg_at_10_std": -0.718798,
        "nauc_ndcg_at_10_diff1": 0.800131,
        "nauc_ndcg_at_20_max": 0.318336,
        "nauc_ndcg_at_20_std": -0.69852,
        "nauc_ndcg_at_20_diff1": 0.799131,
        "nauc_ndcg_at_100_max": 0.323514,
        "nauc_ndcg_at_100_std": -0.670242,
        "nauc_ndcg_at_100_diff1": 0.798222,
        "nauc_ndcg_at_1000_max": 0.323924,
        "nauc_ndcg_at_1000_std": -0.665769,
        "nauc_ndcg_at_1000_diff1": 0.798063,
        "nauc_map_at_1_max": 0.214243,
        "nauc_map_at_1_std": -0.57049,
        "nauc_map_at_1_diff1": 0.833378,
        "nauc_map_at_3_max": 0.270788,
        "nauc_map_at_3_std": -0.730069,
        "nauc_map_at_3_diff1": 0.80437,
        "nauc_map_at_5_max": 0.289316,
        "nauc_map_at_5_std": -0.737017,
        "nauc_map_at_5_diff1": 0.802443,
        "nauc_map_at_10_max": 0.302467,
        "nauc_map_at_10_std": -0.715712,
        "nauc_map_at_10_diff1": 0.800294,
        "nauc_map_at_20_max": 0.306119,
        "nauc_map_at_20_std": -0.700168,
        "nauc_map_at_20_diff1": 0.798662,
        "nauc_map_at_100_max": 0.307789,
        "nauc_map_at_100_std": -0.688586,
        "nauc_map_at_100_diff1": 0.798048,
        "nauc_map_at_1000_max": 0.307982,
        "nauc_map_at_1000_std": -0.687721,
        "nauc_map_at_1000_diff1": 0.798039,
        "nauc_recall_at_1_max": 0.214243,
        "nauc_recall_at_1_std": -0.57049,
        "nauc_recall_at_1_diff1": 0.833378,
        "nauc_recall_at_3_max": 0.226679,
        "nauc_recall_at_3_std": -0.869046,
        "nauc_recall_at_3_diff1": 0.77608,
        "nauc_recall_at_5_max": 0.244242,
        "nauc_recall_at_5_std": -1.001963,
        "nauc_recall_at_5_diff1": 0.775562,
        "nauc_recall_at_10_max": 0.269956,
        "nauc_recall_at_10_std": -1.105633,
        "nauc_recall_at_10_diff1": 0.786007,
        "nauc_recall_at_20_max": 0.273385,
        "nauc_recall_at_20_std": -1.17102,
        "nauc_recall_at_20_diff1": 0.777938,
        "nauc_recall_at_100_max": 0.330847,
        "nauc_recall_at_100_std": -1.104169,
        "nauc_recall_at_100_diff1": 0.764873,
        "nauc_recall_at_1000_max": -0.16532,
        "nauc_recall_at_1000_std": -0.245592,
        "nauc_recall_at_1000_diff1": 0.72233,
        "nauc_precision_at_1_max": 0.330127,
        "nauc_precision_at_1_std": -0.593688,
        "nauc_precision_at_1_diff1": 0.811188,
        "nauc_precision_at_3_max": 0.046178,
        "nauc_precision_at_3_std": 0.081134,
        "nauc_precision_at_3_diff1": -0.271918,
        "nauc_precision_at_5_max": 0.013161,
        "nauc_precision_at_5_std": 0.218406,
        "nauc_precision_at_5_diff1": -0.375509,
        "nauc_precision_at_10_max": -0.014878,
        "nauc_precision_at_10_std": 0.355171,
        "nauc_precision_at_10_diff1": -0.436011,
        "nauc_precision_at_20_max": -0.030788,
        "nauc_precision_at_20_std": 0.431194,
        "nauc_precision_at_20_diff1": -0.457438,
        "nauc_precision_at_100_max": -0.043248,
        "nauc_precision_at_100_std": 0.515534,
        "nauc_precision_at_100_diff1": -0.468655,
        "nauc_precision_at_1000_max": -0.044053,
        "nauc_precision_at_1000_std": 0.532738,
        "nauc_precision_at_1000_diff1": -0.468777,
        "nauc_mrr_at_1_max": 0.329941,
        "nauc_mrr_at_1_std": -0.594653,
        "nauc_mrr_at_1_diff1": 0.810983,
        "nauc_mrr_at_3_max": 0.333817,
        "nauc_mrr_at_3_std": -0.656011,
        "nauc_mrr_at_3_diff1": 0.803293,
        "nauc_mrr_at_5_max": 0.335696,
        "nauc_mrr_at_5_std": -0.653317,
        "nauc_mrr_at_5_diff1": 0.805711,
        "nauc_mrr_at_10_max": 0.334535,
        "nauc_mrr_at_10_std": -0.649021,
        "nauc_mrr_at_10_diff1": 0.805965,
        "nauc_mrr_at_20_max": 0.334145,
        "nauc_mrr_at_20_std": -0.647197,
        "nauc_mrr_at_20_diff1": 0.805804,
        "nauc_mrr_at_100_max": 0.334032,
        "nauc_mrr_at_100_std": -0.646315,
        "nauc_mrr_at_100_diff1": 0.805771,
        "nauc_mrr_at_1000_max": 0.334024,
        "nauc_mrr_at_1000_std": -0.646301,
        "nauc_mrr_at_1000_diff1": 0.805769,
        "main_score": 0.91019,
        "hf_subset": "default",
        "languages": [
          "eng-Latn"
        ]
      }
    ]
  },
  "evaluation_time": null,
  "kg_co2_emissions": null
}