{
  "dataset_revision": "f8c2fcf00f625baaa80f62ec5bd9e1fff3b8ae88",
  "task_name": "SCIDOCS",
  "mteb_version": "1.21.7",
  "scores": {
    "test": [
      {
        "ndcg_at_1": 0.313,
        "ndcg_at_3": 0.26807,
        "ndcg_at_5": 0.2429,
        "ndcg_at_10": 0.2919,
        "ndcg_at_20": 0.33212,
        "ndcg_at_100": 0.41062,
        "ndcg_at_1000": 0.46201,
        "map_at_1": 0.06358,
        "map_at_3": 0.12309,
        "map_at_5": 0.15543,
        "map_at_10": 0.18405,
        "map_at_20": 0.20102,
        "map_at_100": 0.22012,
        "map_at_1000": 0.22391,
        "recall_at_1": 0.06358,
        "recall_at_3": 0.15483,
        "recall_at_5": 0.22343,
        "recall_at_10": 0.31378,
        "recall_at_20": 0.40797,
        "recall_at_100": 0.66122,
        "recall_at_1000": 0.90878,
        "precision_at_1": 0.313,
        "precision_at_3": 0.25467,
        "precision_at_5": 0.2206,
        "precision_at_10": 0.1548,
        "precision_at_20": 0.1006,
        "precision_at_100": 0.03262,
        "precision_at_1000": 0.00448,
        "mrr_at_1": 0.313,
        "mrr_at_3": 0.415167,
        "mrr_at_5": 0.438317,
        "mrr_at_10": 0.452369,
        "mrr_at_20": 0.458942,
        "mrr_at_100": 0.462296,
        "mrr_at_1000": 0.46247,
        "nauc_ndcg_at_1_max": 0.226455,
        "nauc_ndcg_at_1_std": -0.034214,
        "nauc_ndcg_at_1_diff1": 0.222194,
        "nauc_ndcg_at_3_max": 0.2616,
        "nauc_ndcg_at_3_std": -0.041874,
        "nauc_ndcg_at_3_diff1": 0.156529,
        "nauc_ndcg_at_5_max": 0.298495,
        "nauc_ndcg_at_5_std": -0.035488,
        "nauc_ndcg_at_5_diff1": 0.156251,
        "nauc_ndcg_at_10_max": 0.304626,
        "nauc_ndcg_at_10_std": -0.024431,
        "nauc_ndcg_at_10_diff1": 0.134247,
        "nauc_ndcg_at_20_max": 0.320054,
        "nauc_ndcg_at_20_std": -0.009074,
        "nauc_ndcg_at_20_diff1": 0.132326,
        "nauc_ndcg_at_100_max": 0.336041,
        "nauc_ndcg_at_100_std": 0.03835,
        "nauc_ndcg_at_100_diff1": 0.127082,
        "nauc_ndcg_at_1000_max": 0.325997,
        "nauc_ndcg_at_1000_std": 0.032862,
        "nauc_ndcg_at_1000_diff1": 0.137365,
        "nauc_map_at_1_max": 0.223207,
        "nauc_map_at_1_std": -0.03543,
        "nauc_map_at_1_diff1": 0.219335,
        "nauc_map_at_3_max": 0.249035,
        "nauc_map_at_3_std": -0.059363,
        "nauc_map_at_3_diff1": 0.15101,
        "nauc_map_at_5_max": 0.285337,
        "nauc_map_at_5_std": -0.062807,
        "nauc_map_at_5_diff1": 0.149171,
        "nauc_map_at_10_max": 0.294969,
        "nauc_map_at_10_std": -0.05608,
        "nauc_map_at_10_diff1": 0.127308,
        "nauc_map_at_20_max": 0.304348,
        "nauc_map_at_20_std": -0.044265,
        "nauc_map_at_20_diff1": 0.124533,
        "nauc_map_at_100_max": 0.312441,
        "nauc_map_at_100_std": -0.02623,
        "nauc_map_at_100_diff1": 0.122408,
        "nauc_map_at_1000_max": 0.312007,
        "nauc_map_at_1000_std": -0.025584,
        "nauc_map_at_1000_diff1": 0.122955,
        "nauc_recall_at_1_max": 0.223207,
        "nauc_recall_at_1_std": -0.03543,
        "nauc_recall_at_1_diff1": 0.219335,
        "nauc_recall_at_3_max": 0.266178,
        "nauc_recall_at_3_std": -0.04601,
        "nauc_recall_at_3_diff1": 0.129698,
        "nauc_recall_at_5_max": 0.31523,
        "nauc_recall_at_5_std": -0.028593,
        "nauc_recall_at_5_diff1": 0.13077,
        "nauc_recall_at_10_max": 0.30361,
        "nauc_recall_at_10_std": -0.007305,
        "nauc_recall_at_10_diff1": 0.085364,
        "nauc_recall_at_20_max": 0.318217,
        "nauc_recall_at_20_std": 0.025872,
        "nauc_recall_at_20_diff1": 0.077219,
        "nauc_recall_at_100_max": 0.326585,
        "nauc_recall_at_100_std": 0.17088,
        "nauc_recall_at_100_diff1": 0.042962,
        "nauc_recall_at_1000_max": 0.288568,
        "nauc_recall_at_1000_std": 0.307244,
        "nauc_recall_at_1000_diff1": 0.057278,
        "nauc_precision_at_1_max": 0.226455,
        "nauc_precision_at_1_std": -0.034214,
        "nauc_precision_at_1_diff1": 0.222194,
        "nauc_precision_at_3_max": 0.270287,
        "nauc_precision_at_3_std": -0.042746,
        "nauc_precision_at_3_diff1": 0.132524,
        "nauc_precision_at_5_max": 0.317982,
        "nauc_precision_at_5_std": -0.026458,
        "nauc_precision_at_5_diff1": 0.131913,
        "nauc_precision_at_10_max": 0.304427,
        "nauc_precision_at_10_std": -0.007052,
        "nauc_precision_at_10_diff1": 0.086985,
        "nauc_precision_at_20_max": 0.318098,
        "nauc_precision_at_20_std": 0.026527,
        "nauc_precision_at_20_diff1": 0.079882,
        "nauc_precision_at_100_max": 0.319799,
        "nauc_precision_at_100_std": 0.164552,
        "nauc_precision_at_100_diff1": 0.046661,
        "nauc_precision_at_1000_max": 0.260391,
        "nauc_precision_at_1000_std": 0.268761,
        "nauc_precision_at_1000_diff1": 0.055643,
        "nauc_mrr_at_1_max": 0.226455,
        "nauc_mrr_at_1_std": -0.034214,
        "nauc_mrr_at_1_diff1": 0.222194,
        "nauc_mrr_at_3_max": 0.258277,
        "nauc_mrr_at_3_std": -0.020878,
        "nauc_mrr_at_3_diff1": 0.190105,
        "nauc_mrr_at_5_max": 0.264798,
        "nauc_mrr_at_5_std": -0.010343,
        "nauc_mrr_at_5_diff1": 0.194599,
        "nauc_mrr_at_10_max": 0.263345,
        "nauc_mrr_at_10_std": -0.010147,
        "nauc_mrr_at_10_diff1": 0.19572,
        "nauc_mrr_at_20_max": 0.264581,
        "nauc_mrr_at_20_std": -0.010342,
        "nauc_mrr_at_20_diff1": 0.195204,
        "nauc_mrr_at_100_max": 0.263342,
        "nauc_mrr_at_100_std": -0.010591,
        "nauc_mrr_at_100_diff1": 0.195134,
        "nauc_mrr_at_1000_max": 0.263192,
        "nauc_mrr_at_1000_std": -0.010868,
        "nauc_mrr_at_1000_diff1": 0.195308,
        "main_score": 0.2919,
        "hf_subset": "default",
        "languages": [
          "eng-Latn"
        ]
      }
    ]
  },
  "evaluation_time": null,
  "kg_co2_emissions": null
}