{
  "dataset_revision": "0228b52cf27578f30900b9e5271d331663a030d7",
  "task_name": "SciFact",
  "mteb_version": "1.21.7",
  "scores": {
    "test": [
      {
        "ndcg_at_1": 0.71667,
        "ndcg_at_3": 0.79611,
        "ndcg_at_5": 0.81394,
        "ndcg_at_10": 0.83279,
        "ndcg_at_20": 0.838,
        "ndcg_at_100": 0.84233,
        "ndcg_at_1000": 0.84316,
        "map_at_1": 0.68578,
        "map_at_3": 0.76639,
        "map_at_5": 0.78168,
        "map_at_10": 0.79148,
        "map_at_20": 0.7931,
        "map_at_100": 0.79368,
        "map_at_1000": 0.79371,
        "recall_at_1": 0.68578,
        "recall_at_3": 0.85472,
        "recall_at_5": 0.89839,
        "recall_at_10": 0.95,
        "recall_at_20": 0.97,
        "recall_at_100": 0.99333,
        "recall_at_1000": 1.0,
        "precision_at_1": 0.71667,
        "precision_at_3": 0.31,
        "precision_at_5": 0.20067,
        "precision_at_10": 0.10767,
        "precision_at_20": 0.055,
        "precision_at_100": 0.01123,
        "precision_at_1000": 0.00113,
        "mrr_at_1": 0.716667,
        "mrr_at_3": 0.782222,
        "mrr_at_5": 0.790222,
        "mrr_at_10": 0.797295,
        "mrr_at_20": 0.798388,
        "mrr_at_100": 0.798974,
        "mrr_at_1000": 0.799004,
        "nauc_ndcg_at_1_max": 0.422431,
        "nauc_ndcg_at_1_std": -0.020832,
        "nauc_ndcg_at_1_diff1": 0.769413,
        "nauc_ndcg_at_3_max": 0.347709,
        "nauc_ndcg_at_3_std": -0.063733,
        "nauc_ndcg_at_3_diff1": 0.746789,
        "nauc_ndcg_at_5_max": 0.379404,
        "nauc_ndcg_at_5_std": -0.039582,
        "nauc_ndcg_at_5_diff1": 0.752233,
        "nauc_ndcg_at_10_max": 0.416103,
        "nauc_ndcg_at_10_std": -0.000314,
        "nauc_ndcg_at_10_diff1": 0.752945,
        "nauc_ndcg_at_20_max": 0.42524,
        "nauc_ndcg_at_20_std": 0.002979,
        "nauc_ndcg_at_20_diff1": 0.754989,
        "nauc_ndcg_at_100_max": 0.417274,
        "nauc_ndcg_at_100_std": -0.004197,
        "nauc_ndcg_at_100_diff1": 0.757163,
        "nauc_ndcg_at_1000_max": 0.413855,
        "nauc_ndcg_at_1000_std": -0.006131,
        "nauc_ndcg_at_1000_diff1": 0.75618,
        "nauc_map_at_1_max": 0.327432,
        "nauc_map_at_1_std": -0.106948,
        "nauc_map_at_1_diff1": 0.772203,
        "nauc_map_at_3_max": 0.327526,
        "nauc_map_at_3_std": -0.078953,
        "nauc_map_at_3_diff1": 0.758838,
        "nauc_map_at_5_max": 0.36868,
        "nauc_map_at_5_std": -0.045381,
        "nauc_map_at_5_diff1": 0.755504,
        "nauc_map_at_10_max": 0.390762,
        "nauc_map_at_10_std": -0.021559,
        "nauc_map_at_10_diff1": 0.755037,
        "nauc_map_at_20_max": 0.393914,
        "nauc_map_at_20_std": -0.02075,
        "nauc_map_at_20_diff1": 0.755527,
        "nauc_map_at_100_max": 0.392883,
        "nauc_map_at_100_std": -0.021987,
        "nauc_map_at_100_diff1": 0.755798,
        "nauc_map_at_1000_max": 0.392782,
        "nauc_map_at_1000_std": -0.021991,
        "nauc_map_at_1000_diff1": 0.755776,
        "nauc_recall_at_1_max": 0.327432,
        "nauc_recall_at_1_std": -0.106948,
        "nauc_recall_at_1_diff1": 0.772203,
        "nauc_recall_at_3_max": 0.237185,
        "nauc_recall_at_3_std": -0.149527,
        "nauc_recall_at_3_diff1": 0.709985,
        "nauc_recall_at_5_max": 0.341278,
        "nauc_recall_at_5_std": -0.089991,
        "nauc_recall_at_5_diff1": 0.729131,
        "nauc_recall_at_10_max": 0.534174,
        "nauc_recall_at_10_std": 0.105913,
        "nauc_recall_at_10_diff1": 0.721148,
        "nauc_recall_at_20_max": 0.744061,
        "nauc_recall_at_20_std": 0.235605,
        "nauc_recall_at_20_diff1": 0.74515,
        "nauc_recall_at_100_max": 1.0,
        "nauc_recall_at_100_std": 0.414332,
        "nauc_recall_at_100_diff1": 0.934641,
        "nauc_recall_at_1000_max": NaN,
        "nauc_recall_at_1000_std": NaN,
        "nauc_recall_at_1000_diff1": NaN,
        "nauc_precision_at_1_max": 0.422431,
        "nauc_precision_at_1_std": -0.020832,
        "nauc_precision_at_1_diff1": 0.769413,
        "nauc_precision_at_3_max": 0.312606,
        "nauc_precision_at_3_std": 0.195643,
        "nauc_precision_at_3_diff1": 0.275389,
        "nauc_precision_at_5_max": 0.36896,
        "nauc_precision_at_5_std": 0.329313,
        "nauc_precision_at_5_diff1": 0.052339,
        "nauc_precision_at_10_max": 0.400781,
        "nauc_precision_at_10_std": 0.480555,
        "nauc_precision_at_10_diff1": -0.146074,
        "nauc_precision_at_20_max": 0.393814,
        "nauc_precision_at_20_std": 0.499845,
        "nauc_precision_at_20_diff1": -0.21171,
        "nauc_precision_at_100_max": 0.366046,
        "nauc_precision_at_100_std": 0.531439,
        "nauc_precision_at_100_diff1": -0.302165,
        "nauc_precision_at_1000_max": 0.347361,
        "nauc_precision_at_1000_std": 0.534891,
        "nauc_precision_at_1000_diff1": -0.338617,
        "nauc_mrr_at_1_max": 0.422431,
        "nauc_mrr_at_1_std": -0.020832,
        "nauc_mrr_at_1_diff1": 0.769413,
        "nauc_mrr_at_3_max": 0.401861,
        "nauc_mrr_at_3_std": -0.021431,
        "nauc_mrr_at_3_diff1": 0.753883,
        "nauc_mrr_at_5_max": 0.409913,
        "nauc_mrr_at_5_std": -0.01658,
        "nauc_mrr_at_5_diff1": 0.758294,
        "nauc_mrr_at_10_max": 0.418035,
        "nauc_mrr_at_10_std": -0.011311,
        "nauc_mrr_at_10_diff1": 0.759254,
        "nauc_mrr_at_20_max": 0.419873,
        "nauc_mrr_at_20_std": -0.011159,
        "nauc_mrr_at_20_diff1": 0.759764,
        "nauc_mrr_at_100_max": 0.418907,
        "nauc_mrr_at_100_std": -0.01239,
        "nauc_mrr_at_100_diff1": 0.760053,
        "nauc_mrr_at_1000_max": 0.418809,
        "nauc_mrr_at_1000_std": -0.012392,
        "nauc_mrr_at_1000_diff1": 0.760031,
        "main_score": 0.83279,
        "hf_subset": "default",
        "languages": [
          "eng-Latn"
        ]
      }
    ]
  },
  "evaluation_time": null,
  "kg_co2_emissions": null
}