{
  "dataset_revision": "a34f9a33db75fa0cbb21bb5cfc3dae8dc8bec93f",
  "task_name": "Touche2020",
  "mteb_version": "1.21.7",
  "scores": {
    "test": [
      {
        "ndcg_at_1": 0.45918,
        "ndcg_at_3": 0.42414,
        "ndcg_at_5": 0.36911,
        "ndcg_at_10": 0.34059,
        "ndcg_at_20": 0.33789,
        "ndcg_at_100": 0.4324,
        "ndcg_at_1000": 0.53028,
        "map_at_1": 0.03711,
        "map_at_3": 0.08031,
        "map_at_5": 0.10175,
        "map_at_10": 0.13745,
        "map_at_20": 0.16833,
        "map_at_100": 0.20534,
        "map_at_1000": 0.21929,
        "recall_at_1": 0.03711,
        "recall_at_3": 0.09289,
        "recall_at_5": 0.12469,
        "recall_at_10": 0.2031,
        "recall_at_20": 0.2855,
        "recall_at_100": 0.50132,
        "recall_at_1000": 0.78636,
        "precision_at_1": 0.4898,
        "precision_at_3": 0.43537,
        "precision_at_5": 0.3551,
        "precision_at_10": 0.29592,
        "precision_at_20": 0.21633,
        "precision_at_100": 0.08265,
        "precision_at_1000": 0.01478,
        "mrr_at_1": 0.489796,
        "mrr_at_3": 0.619048,
        "mrr_at_5": 0.628231,
        "mrr_at_10": 0.647862,
        "mrr_at_20": 0.648882,
        "mrr_at_100": 0.649667,
        "mrr_at_1000": 0.649667,
        "nauc_ndcg_at_1_max": -0.14377,
        "nauc_ndcg_at_1_std": -0.247998,
        "nauc_ndcg_at_1_diff1": -0.027112,
        "nauc_ndcg_at_3_max": -0.25411,
        "nauc_ndcg_at_3_std": -0.214105,
        "nauc_ndcg_at_3_diff1": 0.116233,
        "nauc_ndcg_at_5_max": -0.187583,
        "nauc_ndcg_at_5_std": -0.123778,
        "nauc_ndcg_at_5_diff1": 0.020221,
        "nauc_ndcg_at_10_max": -0.205164,
        "nauc_ndcg_at_10_std": -0.159037,
        "nauc_ndcg_at_10_diff1": 0.048377,
        "nauc_ndcg_at_20_max": -0.243335,
        "nauc_ndcg_at_20_std": -0.154334,
        "nauc_ndcg_at_20_diff1": 0.052053,
        "nauc_ndcg_at_100_max": -0.279931,
        "nauc_ndcg_at_100_std": -0.00267,
        "nauc_ndcg_at_100_diff1": 0.080295,
        "nauc_ndcg_at_1000_max": -0.222584,
        "nauc_ndcg_at_1000_std": 0.166679,
        "nauc_ndcg_at_1000_diff1": -0.009,
        "nauc_map_at_1_max": -0.195845,
        "nauc_map_at_1_std": -0.330644,
        "nauc_map_at_1_diff1": -0.058153,
        "nauc_map_at_3_max": -0.284895,
        "nauc_map_at_3_std": -0.321912,
        "nauc_map_at_3_diff1": 0.098452,
        "nauc_map_at_5_max": -0.173979,
        "nauc_map_at_5_std": -0.213281,
        "nauc_map_at_5_diff1": -0.027651,
        "nauc_map_at_10_max": -0.165472,
        "nauc_map_at_10_std": -0.217069,
        "nauc_map_at_10_diff1": -0.017826,
        "nauc_map_at_20_max": -0.186049,
        "nauc_map_at_20_std": -0.178565,
        "nauc_map_at_20_diff1": -0.000181,
        "nauc_map_at_100_max": -0.200308,
        "nauc_map_at_100_std": -0.086978,
        "nauc_map_at_100_diff1": 0.011159,
        "nauc_map_at_1000_max": -0.185756,
        "nauc_map_at_1000_std": -0.044186,
        "nauc_map_at_1000_diff1": -0.007358,
        "nauc_recall_at_1_max": -0.195845,
        "nauc_recall_at_1_std": -0.330644,
        "nauc_recall_at_1_diff1": -0.058153,
        "nauc_recall_at_3_max": -0.330512,
        "nauc_recall_at_3_std": -0.307671,
        "nauc_recall_at_3_diff1": 0.117941,
        "nauc_recall_at_5_max": -0.188571,
        "nauc_recall_at_5_std": -0.178328,
        "nauc_recall_at_5_diff1": -0.059348,
        "nauc_recall_at_10_max": -0.206577,
        "nauc_recall_at_10_std": -0.205083,
        "nauc_recall_at_10_diff1": 0.007173,
        "nauc_recall_at_20_max": -0.2178,
        "nauc_recall_at_20_std": -0.122194,
        "nauc_recall_at_20_diff1": 0.024215,
        "nauc_recall_at_100_max": -0.281499,
        "nauc_recall_at_100_std": 0.125616,
        "nauc_recall_at_100_diff1": 0.062824,
        "nauc_recall_at_1000_max": -0.034448,
        "nauc_recall_at_1000_std": 0.702153,
        "nauc_recall_at_1000_diff1": -0.201278,
        "nauc_precision_at_1_max": -0.162536,
        "nauc_precision_at_1_std": -0.289611,
        "nauc_precision_at_1_diff1": -0.045124,
        "nauc_precision_at_3_max": -0.312314,
        "nauc_precision_at_3_std": -0.216787,
        "nauc_precision_at_3_diff1": 0.140808,
        "nauc_precision_at_5_max": -0.184843,
        "nauc_precision_at_5_std": -0.040988,
        "nauc_precision_at_5_diff1": -0.023491,
        "nauc_precision_at_10_max": -0.217679,
        "nauc_precision_at_10_std": -0.027599,
        "nauc_precision_at_10_diff1": 0.106409,
        "nauc_precision_at_20_max": -0.170493,
        "nauc_precision_at_20_std": 0.126092,
        "nauc_precision_at_20_diff1": 0.113369,
        "nauc_precision_at_100_max": -0.096757,
        "nauc_precision_at_100_std": 0.449955,
        "nauc_precision_at_100_diff1": 0.057502,
        "nauc_precision_at_1000_max": 0.297895,
        "nauc_precision_at_1000_std": 0.582052,
        "nauc_precision_at_1000_diff1": -0.226755,
        "nauc_mrr_at_1_max": -0.162536,
        "nauc_mrr_at_1_std": -0.289611,
        "nauc_mrr_at_1_diff1": -0.045124,
        "nauc_mrr_at_3_max": -0.304084,
        "nauc_mrr_at_3_std": -0.291267,
        "nauc_mrr_at_3_diff1": -0.029535,
        "nauc_mrr_at_5_max": -0.316427,
        "nauc_mrr_at_5_std": -0.275858,
        "nauc_mrr_at_5_diff1": -0.02032,
        "nauc_mrr_at_10_max": -0.311008,
        "nauc_mrr_at_10_std": -0.273381,
        "nauc_mrr_at_10_diff1": -0.001675,
        "nauc_mrr_at_20_max": -0.307834,
        "nauc_mrr_at_20_std": -0.276591,
        "nauc_mrr_at_20_diff1": -0.003828,
        "nauc_mrr_at_100_max": -0.303645,
        "nauc_mrr_at_100_std": -0.28003,
        "nauc_mrr_at_100_diff1": -0.004898,
        "nauc_mrr_at_1000_max": -0.303645,
        "nauc_mrr_at_1000_std": -0.28003,
        "nauc_mrr_at_1000_diff1": -0.004898,
        "main_score": 0.34059,
        "hf_subset": "default",
        "languages": [
          "eng-Latn"
        ]
      }
    ]
  },
  "evaluation_time": null,
  "kg_co2_emissions": null
}